{
    "main_general" : {
        "title" : " General Settings",
        "descriptions" : "Application general settings.", 
        "icon" : "fa fa-cog", 
        "theme" : "main",

        "inputs" : [
            {
                "name" : "main_app_name", 
                "type" : "text", 
                "label" : "Website Name", 
                "placeholder" : "Your website Name", 
                "class" : "form-control",
                "style" : "",
               
                "value" : ""
                
            },
            {
                "name" : "main_site_icon",
                "type" : "image", 
                "label" : "Site Icon", 
                
                "placeholder" : "Choose logo...", 
                "class" : "custom-file-input", 
                "style" : "", 
                "rules" : "image|max:500", 
                "disk" : "public", 
                "path" : "", 
                "preview_class" : "thumbnail", 
                "preview_style" : "height:40px" 
            },
            {
                "name" : "main_primary_font", 
                "type" : "select_font", 
                "label" : "Primary font",
                
                "placeholder" : "Primary font", 
                "class" : "form-control", 
                "style" : "", 
                "rules" : "", 
                "value" : "", 
                "hint" : "You can set the Primary font here", 
                "options" : {
                    "Aclonica" : "Aclonica","Allan" : "Allan","Annie Use Your Telescope" : "Annie Use Your Telescope","Anonymous Pro" : "Anonymous Pro","Allerta Stencil" : "Allerta Stencil","Allerta" : "Allerta","Amaranth" : "Amaranth","Anton" : "Anton","Archivo" : "Archivo","Architects Daughter" : "Architects Daughter","Arimo" : "Arimo","Artifika" : "Artifika","Arvo" : "Arvo","Asset" : "Asset","Astloch" : "Astloch","Bangers" : "Bangers","Bentham" : "Bentham","Bevan" : "Bevan","Bigshot One" : "Bigshot One","Bowlby One" : "Bowlby One","Bowlby One SC" : "Bowlby One SC","Brawler" : "Brawler","Buda:300" : "Buda:300","Cabin" : "Cabin","Calligraffitti" : "Calligraffitti","Candal" : "Candal","Cantarell" : "Cantarell","Cardo" : "Cardo","Carter One" : "Carter One","Caudex" : "Caudex","Cedarville Cursive" : "Cedarville Cursive","Cherry Cream Soda" : "Cherry Cream Soda","Chewy" : "Chewy","Coda" : "Coda","Coming Soon" : "Coming Soon","Copse" : "Copse","Corben:700" : "Corben:700","Cousine" : "Cousine","Covered By Your Grace" : "Covered By Your Grace","Crafty Girls" : "Crafty Girls","Crimson Text" : "Crimson Text","Crushed" : "Crushed","Cuprum" : "Cuprum","Damion" : "Damion","Dancing Script" : "Dancing Script","Dawning of a New Day" : "Dawning of a New Day","DM Sans" : "DM Sans","Didact Gothic" : "Didact Gothic","Droid Sans" : "Droid Sans","Droid Sans Mono" : "Droid Sans Mono","Droid Serif" : "Droid Serif","EB Garamond" : "EB Garamond","Expletus Sans" : "Expletus Sans","Fontdiner Swanky" : "Fontdiner Swanky","Forum" : "Forum","Francois One" : "Francois One","Geo" : "Geo","Give You Glory" : "Give You Glory","Goblin One" : "Goblin One","Goudy Bookletter 1911" : "Goudy Bookletter 1911","Gravitas One" : "Gravitas One","Gruppo" : "Gruppo","Hammersmith One" : "Hammersmith One","Holtwood One SC" : "Holtwood One SC","Homemade Apple" : "Homemade Apple","Inconsolata" : "Inconsolata","Indie Flower" : "Indie Flower","IM Fell DW Pica" : "IM Fell DW Pica","IM Fell DW Pica SC" : "IM Fell DW Pica SC","IM Fell Double Pica" : "IM Fell Double Pica","IM Fell Double Pica SC" : "IM Fell Double Pica SC","IM Fell English" : "IM Fell English","IM Fell English SC" : "IM Fell English SC","IM Fell French Canon" : "IM Fell French Canon","IM Fell French Canon SC" : "IM Fell French Canon SC","IM Fell Great Primer" : "IM Fell Great Primer","IM Fell Great Primer SC" : "IM Fell Great Primer SC","Irish Grover" : "Irish Grover","Irish Growler" : "Irish Growler","Istok Web" : "Istok Web","Josefin Sans" : "Josefin Sans","Josefin Slab" : "Josefin Slab","Judson" : "Judson","Jura" : "Jura","Jura:500" : "Jura:500","Jura:600" : "Jura:600","Just Another Hand" : "Just Another Hand","Just Me Again Down Here" : "Just Me Again Down Here","Kameron" : "Kameron","Kenia" : "Kenia","Kranky" : "Kranky","Kreon" : "Kreon","Kristi" : "Kristi","La Belle Aurore" : "La Belle Aurore","Lato:100" : "Lato:100","Lato:100italic" : "Lato:100italic","Lato:300" : "Lato:300","Lato" : "Lato","Lato:bold" : "Lato:bold","Lato:900" : "Lato:900","League Script" : "League Script","Lekton" : "Lekton","Limelight" : "Limelight","Lobster" : "Lobster","Lobster Two" : "Lobster Two","Lora" : "Lora","Love Ya Like A Sister" : "Love Ya Like A Sister","Loved by the King" : "Loved by the King","Luckiest Guy" : "Luckiest Guy","Maiden Orange" : "Maiden Orange","Mako" : "Mako","Maven Pro" : "Maven Pro","Maven Pro:500" : "Maven Pro:500","Maven Pro:700" : "Maven Pro:700","Maven Pro:900" : "Maven Pro:900","Meddon" : "Meddon","MedievalSharp" : "MedievalSharp","Megrim" : "Megrim","Merriweather" : "Merriweather","Metrophobic" : "Metrophobic","Michroma" : "Michroma","Miltonian Tattoo" : "Miltonian Tattoo","Miltonian" : "Miltonian","Modern Antiqua" : "Modern Antiqua","Monofett" : "Monofett","Molengo" : "Molengo","Montserrat" : "Montserrat","Mountains of Christmas" : "Mountains of Christmas","Muli:300" : "Muli:300","Muli" : "Muli","Neucha" : "Neucha","Neuton" : "Neuton","News Cycle" : "News Cycle","Nixie One" : "Nixie One","Nobile" : "Nobile","Noto Sans" : "Noto Sans","Nova Cut" : "Nova Cut","Nova Flat" : "Nova Flat","Nova Mono" : "Nova Mono","Nova Oval" : "Nova Oval","Nova Round" : "Nova Round","Nova Script" : "Nova Script","Nova Slim" : "Nova Slim","Nova Square" : "Nova Square","Nunito:light" : "Nunito:light","Nunito" : "Nunito","Nunito Sans" : "Nunito Sans","OFL Sorts Mill Goudy TT" : "OFL Sorts Mill Goudy TT","Old Standard TT" : "Old Standard TT","Open Sans:300" : "Open Sans:300","Open Sans" : "Open Sans","Open Sans:600" : "Open Sans:600","Open Sans:800" : "Open Sans:800","Open Sans Condensed:300" : "Open Sans Condensed:300","Orbitron" : "Orbitron","Orbitron:500" : "Orbitron:500","Orbitron:700" : "Orbitron:700","Orbitron:900" : "Orbitron:900","Oswald" : "Oswald","Over the Rainbow" : "Over the Rainbow","Reenie Beanie" : "Reenie Beanie","Pacifico" : "Pacifico","Patrick Hand" : "Patrick Hand","Paytone One" : "Paytone One","Permanent Marker" : "Permanent Marker","Philosopher" : "Philosopher","Play" : "Play","Playfair Display" : "Playfair Display","Podkova" : "Podkova","Poppins" : "Poppins","PT Sans" : "PT Sans","PT Sans Narrow" : "PT Sans Narrow","PT Sans Narrow:regular,bold" : "PT Sans Narrow:regular,bold","PT Serif" : "PT Serif","PT Serif Caption" : "PT Serif Caption","Puritan" : "Puritan","Quattrocento" : "Quattrocento","Quattrocento Sans" : "Quattrocento Sans","Radley" : "Radley","Raleway" : "Raleway","Raleway:100" : "Raleway:100","Redressed" : "Redressed","Rock Salt" : "Rock Salt","Rokkitt" : "Rokkitt","Roboto" : "Roboto","Roboto Condensed" : "Roboto Condensed","Roboto Slab" : "Roboto Slab","Ruslan Display" : "Ruslan Display","Schoolbell" : "Schoolbell","Shadows Into Light" : "Shadows Into Light","Shanti" : "Shanti","Sigmar One" : "Sigmar One","Six Caps" : "Six Caps","Slackey" : "Slackey","Smythe" : "Smythe","Sniglet:800" : "Sniglet:800","Special Elite" : "Special Elite","Stardos Stencil" : "Stardos Stencil","Sue Ellen Francisco" : "Sue Ellen Francisco","Sunshiney" : "Sunshiney","Swanky and Moo Moo" : "Swanky and Moo Moo","Syncopate" : "Syncopate","Tajawal" : "Tajawal","Tangerine" : "Tangerine","Tenor Sans" : "Tenor Sans","Terminal Dosis Light" : "Terminal Dosis Light","The Girl Next Door" : "The Girl Next Door","Tinos" : "Tinos","Ubuntu" : "Ubuntu","Ultra" : "Ultra","Unkempt" : "Unkempt","UnifrakturCook:bold" : "UnifrakturCook:bold","UnifrakturMaguntia" : "UnifrakturMaguntia","Varela" : "Varela","Varela Round" : "Varela Round","Vibur" : "Vibur","Vollkorn" : "Vollkorn","VT323" : "VT323","Waiting for the Sunrise" : "Waiting for the Sunrise","Wallpoet" : "Wallpoet","Walter Turncoat" : "Walter Turncoat","Wire One" : "Wire One","Work Sans" : "Work Sans","Yanone Kaffeesatz" : "Yanone Kaffeesatz","Yanone Kaffeesatz:300" : "Yanone Kaffeesatz:300","Yanone Kaffeesatz:400" : "Yanone Kaffeesatz:400","Yanone Kaffeesatz:700" : "Yanone Kaffeesatz:700","Yeseva One" : "Yeseva One","Zeyada" : "Zeyada"
                    
                }
            },
            {
                "name" : "main_base_color", 
                "id" : "cp2", 
                "type" : "color", 
                "label" : "Website Base Color",
                
                "placeholder" : "Website Base Color", 
                "class" : "form-control color-picker-input", 
                "style" : "", 
                "rules" : "", 
                "value" : "#FFFFFF", 
                "hint" : "Hex Color Code" 
            },
            {
                "name" : "main_alternative_color", 
                "id" : "cp4", 
                "type" : "color", 
                "label" : "Website Alternative Color",
                
                "placeholder" : "Website Alternative Color", 
                "class" : "form-control color-picker-input", 
                "style" : "", 
                "rules" : "", 
                "value" : "#FFFFFF", 
                "hint" : "Hex Color Code" 
            },
            {
                "name" : "internal_pages_header", 
                "type" : "image", 
                "label" : "Internal Pages Header Image",
                
                "placeholder" : "Choose Internal Pages Header Image...", 
                "class" : "custom-file-input", 
                "style" : "", 
                "rules" : "image|max:500", 
                "disk" : "public", 
                "path" : "", 
                "preview_class" : "thumbnail", 
                "preview_style" : "height:40px" 
            }
        ]
    },
    "main_global_seo" : {
        "title" : " Global Seo",
        "descriptions" : "Global Seo.", 
        "icon" : "fa fa-cog", 
        "theme" : "main",

        "inputs" : [
            {
                "name" : "main_meta_title", 
                "type" : "text", 
                "label" : "Meta Title",
                
                "placeholder" : "Meta Title", 
                "class" : "form-control", 
                "style" : "", 
                
                "value" : ""
                
            },
            {
                "name" : "main_meta_description", 
                "type" : "textarea", 
                "label" : "Meta description",
                
                "placeholder" : "Meta description", 
                "class" : "form-control", 
                "style" : "", 
                "rules" : "", 
                "value" : "", 
                
                "rows" : 6
            },
            {
                "name" : "main_meta_keywords", 
                "type" : "text", 
                "label" : "Meta Keywords",
                
                "placeholder" : "Keyword,Keyword", 
                "class" : "form-control", 
                "style" : "", 
                "rules" : "", 
                "value" : "", 
                "hint" : "Separate with coma", 
                "rows" : 6
            },
            {
                "name" : "main_meta_image", 
                "type" : "image", 
                "label" : "Meta Image",
                
                "placeholder" : "Choose Meta Image...", 
                "class" : "custom-file-input", 
                "style" : "", 
                "rules" : "image|max:500", 
                "disk" : "public", 
                "path" : "", 
                "preview_class" : "thumbnail", 
                "preview_style" : "height:40px" 
            }
        ]
    },
    "main_social_links" : {
        "title" : " Social Links",
        "descriptions" : "",
        "icon" : "fas fa-bezier-curve",
        "theme" : "main",

        "inputs" : [
            {
                "name" : "main_social_links", 
                "type" : "social_links", 
                "label" : "Social Links",
                "options" : {
                    "fab fa-facebook-square" : " &#xf082; Facebook",
                    "fab fa-twitter-square" : " &#xf081; Twitter",
                    "fab fa-linkedin" : " &#xf08c; Linkedin",
                    "fab fa-instagram-square" : " &#xf16d; Instagram"
                }
            },
            {
                "name" : "main_social_links_name", 
                "type" : "array", 
                "data_type" : "array",
                "value" : ""
            },
            {
                "name" : "main_social_links_icon", 
                "label" : "Social Links",
                "type" : "array", 
                "data_type" : "array",
                "value" : ""
            },
            {
                "name" : "main_social_links_count", 
                "type" : "array", 
                "data_type" : "array",
                "value" : ""
            }
        ]
    },
    "main_header" : {
        "title" : " Header",
        "descriptions" : "",
        "icon" : "fas fa-bezier-curve",
        "theme" : "main",

        "inputs" : [
            {
                "name" : "main_header_logo", 
                "type" : "image", 
                "label" : "Main Header Logo",
                
                "placeholder" : "Choose logo...", 
                "class" : "custom-file-input", 
                "style" : "", 
                "rules" : "image|max:500", 
                "disk" : "public", 
                "path" : "", 
                "preview_class" : "thumbnail", 
                "preview_style" : "height:40px" 
            },
            {
                "name" : "sticky_header_logo", 
                "type" : "image", 
                "label" : "Sticky Header Logo",
                
                "placeholder" : "Choose logo...", 
                "class" : "custom-file-input", 
                "style" : "", 
                "rules" : "image|max:500", 
                "disk" : "public", 
                "path" : "", 
                "preview_class" : "thumbnail", 
                "preview_style" : "height:40px" 
            },
            {
                "name" : "main_header_language",
                "type" : "checkbox",
                "label" : "Show Language Switcher : ",
                "value" : "0",
                "class" : "w-auto form-control aiz-selectpicker"
                
            },
            {
                "name" : "main_header_stikcy",
                "type" : "checkbox",
                "label" : "Stikcy header",
                "value" : "0",
                "class" : "w-auto form-control aiz-selectpicker"
            
            }
        ]
    },
    "main_footer" : {
        "title" : " Footer",
        "descriptions" : "",
        "icon" : "fas fa-bezier-curve",
        "theme" : "main",

        "inputs" : [
            {
                "name" : "main_footer_copy_right", 
                "type" : "text", 
                "label" : "Copy right",
                
                "placeholder" : "Copy right", 
                "class" : "form-control", 
                "style" : "", 
                "rules" : "", 
                "value" : "", 
                "hint" : "Copyright on footer of site.", 
                "rows" : 6
            },
            {
                "name" : "main_footer_item_number",
                "type" : "number",
                "label" : "Number of Columns in footer",
                "data_type" : "int",
                "min" : 1,
                "max" : 4,
                "rules" : "required|min:1|max:4",
                "placeholder" : "Number of Columns",
                "class" : "form-control",
                "style" : "color:red",
                "value" : 3,
                "hint" : "You can change the number of columns per row."
            }
        ]
    },
    "menu" : {
        "title" : " Menu",
        "descriptions" : "",
        "icon" : "fas fa-bars",
        "theme" : "main",
        "inputs" : [
            {
                "name" : "main_navbar_menu", 
                "type" : "menu", 
                "label" : "Navbar Menu",
                "placeholder" : "Choose Menu...", 
                "class" : "form-control", 
                "style" : "", 
                "rules" : ""
            },
            {
                "name" : "main_sidebar_menu", 
                "type" : "menu", 
                "label" : "Sidebar Menu",
                "placeholder" : "Choose Menu...", 
                "class" : "form-control", 
                "style" : "", 
                "rules" : ""
            },
            {
                "name" : "main_footer_menu", 
                "type" : "menu", 
                "label" : "Footer Menu",
                "placeholder" : "Choose Menu...", 
                "class" : "form-control", 
                "style" : "", 
                "rules" : ""
            }
        ]
    }
}